Product Code,Nova Score,has_e330,has_e500,has_e202,has_e322,has_colorant,has_sweetener,has_emulsifier,has_added_sugar,has_oil_and_fat,has_carcinogen,has_allergen,has_cardiovascular_risk_ingredient,number_of_ingredients_norm,number_of_additives_norm,additives_per_ingredient_norm,has_cheese_marker,complex_non_additive_score_norm,salt_and_food_combo
3168930171058,4,1,0,0,0,0,1,0,1,0,0,0,1,0.24444444444444444,0.21052631578947367,0.32142857142857145,0,0.225,0
3168930173373,4,1,0,0,0,1,0,0,1,1,0,0,1,0.4666666666666667,0.3684210526315789,0.3068181818181818,1,0.4375,1
3175681263130,4,1,1,0,0,0,0,0,1,1,0,0,1,0.3,0.15789473684210525,0.19950738916256158,0,0.3,1
4335619022119,4,1,1,1,0,0,0,1,1,1,0,0,1,0.3333333333333333,0.47368421052631576,0.5424107142857143,0,0.2625,1
5000205048277,4,1,1,0,0,1,0,0,0,1,0,0,1,0.43333333333333335,0.3157894736842105,0.28222996515679444,0,0.4125,1
4056489042396,4,1,0,0,0,0,0,1,1,1,0,0,1,0.24444444444444444,0.10526315789473684,0.16071428571428573,0,0.25,1
3073781155594,4,1,0,0,0,1,0,0,1,1,0,0,1,0.23333333333333334,0.21052631578947367,0.33540372670807456,0,0.2125,0
5000159376655,4,1,0,0,0,1,0,0,1,1,0,0,1,0.3333333333333333,0.5789473684210527,0.6629464285714286,0,0.2375,0
4250241207768,3,0,0,0,0,0,0,0,0,1,0,0,1,0.36666666666666664,0.0,0.0,0,0.4125,1
3760084451354,3,1,0,0,0,0,0,0,1,1,0,0,1,0.2111111111111111,0.10526315789473684,0.1836734693877551,0,0.2125,0
3596710178971,3,0,0,0,0,0,0,0,1,1,0,0,1,0.14444444444444443,0.05263157894736842,0.1285714285714286,0,0.15,1
3415581105926,3,0,0,0,0,0,0,0,1,0,0,0,1,0.14444444444444443,0.0,0.0,0,0.1625,0
3270160890125,3,1,0,0,0,0,0,0,1,1,0,0,1,0.5111111111111111,0.10526315789473684,0.08035714285714286,1,0.55,1
3350031937736,3,0,0,0,0,0,0,0,0,1,0,0,1,0.28888888888888886,0.0,0.0,1,0.325,1
3564700405741,3,0,0,0,0,0,0,0,1,1,0,0,1,0.37777777777777777,0.0,0.0,1,0.425,1
3184340001006,3,0,0,0,0,0,0,0,0,1,0,0,1,0.08888888888888889,0.0,0.0,0,0.1,1
3596710495283,3,1,0,1,0,0,0,0,0,1,0,0,1,0.3,0.10526315789473684,0.1330049261083744,0,0.3125,1
4009233003952,3,0,0,0,0,0,0,0,1,1,0,0,1,0.5777777777777777,0.0,0.0,1,0.65,1
8711327576810,4,1,0,0,0,1,0,1,1,1,0,0,1,0.6555555555555556,0.42105263157894735,0.2529274004683841,0,0.6375,1
4002359012433,1,0,1,0,0,0,0,0,0,0,0,0,0,0.1,0.15789473684210525,0.525974025974026,0,0.075,0
3168930171683,3,0,0,0,0,0,0,0,0,1,0,0,1,0.12222222222222222,0.0,0.0,0,0.1375,1
3760094311624,3,0,1,0,0,0,0,0,1,1,0,0,1,0.35555555555555557,0.10526315789473684,0.1134453781512605,0,0.375,0
4044889001006,3,0,0,0,0,0,0,0,1,0,0,0,1,0.07777777777777778,0.0,0.0,0,0.0875,0
3599741005605,3,0,0,0,0,0,0,0,0,1,0,0,1,0.5,0.05263157894736842,0.041033434650455926,0,0.55,1
5060198643088,3,0,0,0,0,0,0,0,0,1,0,0,1,0.25555555555555554,0.0,0.0,1,0.2875,1
25317055192,3,0,1,0,0,0,0,0,1,0,0,0,1,0.4666666666666667,0.15789473684210525,0.1314935064935065,0,0.4875,1
8008910808039,3,0,1,0,0,0,0,0,0,1,0,0,1,0.26666666666666666,0.10526315789473684,0.14835164835164838,0,0.275,1
3270160500352,3,0,0,0,0,0,0,0,0,1,0,0,1,0.13333333333333333,0.0,0.0,0,0.15,1
3760216240238,2,0,0,0,0,0,0,0,0,1,0,0,0,0.044444444444444446,0.0,0.0,0,0.05,0
3760004870777,2,0,0,0,0,0,0,0,1,0,0,0,1,0.044444444444444446,0.0,0.0,0,0.05,0
8711327370708,4,0,1,0,0,0,0,1,1,1,1,0,1,0.43333333333333335,0.21052631578947367,0.18815331010452963,0,0.4375,1
8719979202521,4,0,1,0,1,0,1,1,0,1,0,0,1,0.45555555555555555,0.3157894736842105,0.2691029900332226,0,0.4375,1
8719979202514,4,0,1,0,1,0,1,1,0,1,0,0,1,0.45555555555555555,0.3684210526315789,0.3139534883720931,0,0.425,1
4056489233718,4,0,1,0,1,0,0,1,1,1,0,0,1,0.24444444444444444,0.10526315789473684,0.16071428571428573,0,0.25,1
8000500329481,4,0,1,0,1,0,0,1,1,1,0,0,1,0.6111111111111112,0.21052631578947367,0.13533834586466165,0,0.6375,1
5000159419291,4,0,1,0,1,0,0,1,1,1,0,1,1,0.6555555555555556,0.2631578947368421,0.15807962529274006,0,0.675,1
8000500362303,4,0,1,0,1,0,0,1,1,1,0,0,1,0.4777777777777778,0.2631578947368421,0.21428571428571427,0,0.475,1
5410126152159,4,0,1,0,1,0,1,1,1,1,0,0,1,0.4777777777777778,0.3684210526315789,0.30000000000000004,0,0.45,1
4056489759980,4,0,1,0,1,0,1,1,1,1,0,0,1,0.3,0.21052631578947367,0.2660098522167488,0,0.2875,1
3564707159289,1,1,0,0,0,0,0,0,0,0,0,0,0,0.14444444444444443,0.10526315789473684,0.2571428571428572,0,0.1375,0
2006050038077,1,0,0,0,0,0,0,0,0,0,0,0,0,0.17777777777777778,0.05263157894736842,0.10714285714285714,0,0.1875,0
3021760406670,1,0,0,0,0,0,0,0,0,0,0,0,0,0.12222222222222222,0.05263157894736842,0.14835164835164838,0,0.125,0
5601312512325,1,1,0,0,0,0,0,0,0,0,0,0,0,0.16666666666666666,0.10526315789473684,0.226890756302521,0,0.1625,0
9344372003179,1,0,0,0,0,0,0,0,0,0,0,0,0,0.022222222222222223,0.05263157894736842,0.48214285714285715,0,0.0125,0
5400141227468,1,1,0,0,0,0,0,0,0,0,0,0,0,0.06666666666666667,0.10526315789473684,0.48214285714285715,0,0.05,0
5033665213084,3,0,0,0,0,1,0,0,0,1,0,0,1,0.5555555555555556,0.15789473684210525,0.11126373626373627,0,0.5875,1
3564700405703,3,0,0,0,0,0,0,0,1,1,0,0,1,0.4111111111111111,0.0,0.0,1,0.4625,1
20828875,3,0,0,0,0,0,0,0,0,1,0,0,1,0.35555555555555557,0.05263157894736842,0.05672268907563025,0,0.3875,1
3760056260069,3,0,0,0,0,0,0,0,0,0,0,0,1,0.06666666666666667,0.05263157894736842,0.24107142857142858,0,0.0625,1
78742229799,1,1,0,0,0,0,0,0,0,0,0,0,0,0.1,0.10526315789473684,0.35064935064935066,0,0.0875,0
8480000631404,4,0,0,0,0,1,0,1,0,0,0,0,1,0.36666666666666664,0.15789473684210525,0.1653061224489796,0,0.375,0
3560071429522,4,0,0,0,0,0,0,1,1,1,0,0,1,0.5222222222222223,0.10526315789473684,0.07871720116618075,0,0.5625,1
3596710434961,4,0,0,0,0,0,0,1,1,1,0,0,1,0.35555555555555557,0.21052631578947367,0.226890756302521,0,0.35,1
2000000127785,2,0,0,0,0,0,0,0,0,0,0,0,1,0.25555555555555554,0.0,0.0,1,0.2875,1
3245270000009,2,0,0,0,0,0,0,0,0,1,0,0,0,0.022222222222222223,0.0,0.0,0,0.025,0
3256549999399,4,0,0,0,0,1,0,1,1,1,0,0,1,0.6888888888888889,0.15789473684210525,0.09040178571428573,0,0.7375,1
3256549999351,4,0,0,0,1,0,0,1,1,1,0,0,1,0.5222222222222223,0.3157894736842105,0.23615160349854228,0,0.5125,1
3270160838110,4,0,0,0,0,1,0,0,1,1,0,0,1,0.5333333333333333,0.15789473684210525,0.11571428571428571,1,0.5625,1
8480000645142,4,1,0,1,0,1,1,1,1,0,1,0,1,0.2777777777777778,0.7368421052631579,1.0,0,0.1375,0
4001724038504,3,0,0,0,0,0,0,0,1,1,0,0,1,0.5,0.0,0.0,1,0.5625,1
3270190174356,3,0,0,0,0,0,0,0,1,1,0,0,1,0.3888888888888889,0.0,0.0,0,0.4375,0
3256224118381,3,0,0,0,0,0,0,0,1,1,0,0,1,0.17777777777777778,0.0,0.0,0,0.2,0
3019089042266,3,0,0,0,0,0,0,0,0,1,0,0,1,0.2,0.0,0.0,0,0.225,1
4088600264479,3,0,0,0,0,0,0,0,1,1,0,0,1,0.36666666666666664,0.0,0.0,1,0.4125,1
3599741006329,3,0,0,0,0,0,0,0,1,0,0,0,1,0.2,0.0,0.0,0,0.225,1
5000169595336,3,0,0,0,0,0,0,0,1,0,0,0,1,0.15555555555555556,0.0,0.0,0,0.175,0
61651610109,3,0,0,1,0,0,0,0,0,1,0,0,1,0.4444444444444444,0.15789473684210525,0.1377551020408163,1,0.4625,1
4056489977681,3,0,0,0,0,0,0,0,1,0,0,0,1,0.17777777777777778,0.0,0.0,0,0.2,0
8001585008049,4,1,1,1,1,0,0,1,1,0,0,0,1,0.43333333333333335,0.47368421052631576,0.42334494773519166,0,0.375,1
3367651004298,4,1,1,1,0,0,0,1,1,1,1,0,1,0.9111111111111111,0.42105263157894735,0.1836734693877551,1,0.925,1
3250390600695,4,0,0,1,0,1,0,1,1,0,1,0,1,0.4222222222222222,0.47368421052631576,0.43392857142857144,0,0.3625,0
8053178940038,4,0,0,1,0,1,1,1,1,0,0,0,1,0.5222222222222223,0.631578947368421,0.47230320699708456,0,0.4375,1
8480000231277,4,1,1,1,1,1,0,1,1,1,1,0,1,1.0,1.0,0.3982919254658385,0,0.8875,1
3278692500697,4,1,0,1,0,1,0,0,1,0,0,0,1,0.34444444444444444,0.2631578947368421,0.29220779220779225,0,0.325,0
3181232518642,4,1,0,1,1,0,0,1,1,1,0,1,1,0.9222222222222223,0.5789473684210527,0.24957983193277314,0,0.9,1
3596710449477,4,0,0,1,0,0,0,1,1,1,1,1,1,0.9444444444444444,0.2631578947368421,0.11083743842364532,0,1.0,1
3250390600459,4,1,0,1,0,0,0,1,1,0,0,0,1,0.3333333333333333,0.2631578947368421,0.30133928571428575,0,0.3125,0
4056489510642,4,0,0,1,0,0,0,1,1,1,0,0,1,0.32222222222222224,0.2631578947368421,0.31105990783410137,0,0.3,1
5017818800116,4,0,0,1,0,1,1,0,1,0,1,0,1,0.15555555555555556,0.2631578947368421,0.6026785714285715,0,0.1125,0
8002202002891,1,1,0,0,0,0,0,0,0,0,0,0,0,0.06666666666666667,0.10526315789473684,0.48214285714285715,0,0.05,0
3760114351708,1,1,0,0,0,0,0,0,0,0,0,0,0,0.044444444444444446,0.10526315789473684,0.6428571428571429,0,0.025,0
2234808006621,1,0,0,0,0,0,0,0,0,0,0,0,0,0.044444444444444446,0.05263157894736842,0.32142857142857145,0,0.0375,0
3415581101928,3,0,0,0,0,0,0,0,1,0,0,0,1,0.16666666666666666,0.0,0.0,0,0.1875,0
8721800402055,3,0,0,0,0,0,0,0,0,0,0,0,1,0.08888888888888889,0.0,0.0,0,0.1,1
3350030208097,3,0,1,0,0,0,0,0,1,1,0,0,1,0.26666666666666666,0.10526315789473684,0.14835164835164838,0,0.275,1
5059319023342,3,0,0,0,0,1,0,0,1,0,0,0,1,0.2,0.10526315789473684,0.19285714285714287,0,0.2,1
630128634995,3,1,0,0,0,0,0,0,0,1,0,0,1,0.2,0.10526315789473684,0.19285714285714287,0,0.2,1
3240931548135,3,0,0,0,0,0,0,0,0,1,0,0,1,0.26666666666666666,0.0,0.0,0,0.3,1
7613312183151,3,0,0,0,0,0,0,0,0,1,0,0,1,0.24444444444444444,0.2631578947368421,0.4017857142857143,0,0.2125,1
3270160420186,3,0,0,0,0,0,0,0,1,0,0,0,1,0.26666666666666666,0.0,0.0,0,0.3,1
20481193,3,0,0,0,0,0,0,0,1,0,0,0,1,0.14444444444444443,0.15789473684210525,0.38571428571428573,0,0.125,0
3270160879403,3,0,0,0,0,0,0,0,0,0,0,0,1,0.2222222222222222,0.0,0.0,1,0.25,1
3760178790000,3,0,0,0,0,0,0,0,1,1,0,0,1,0.2111111111111111,0.0,0.0,0,0.2375,1
3033491909801,4,0,0,0,0,0,0,1,1,0,0,0,1,0.43333333333333335,0.05263157894736842,0.047038327526132406,0,0.475,0
3261055952189,4,0,0,0,0,0,0,1,1,1,0,0,1,0.5777777777777777,0.10526315789473684,0.07142857142857142,0,0.625,1
3701002405028,4,1,0,0,0,1,0,1,1,0,0,1,1,0.43333333333333335,0.21052631578947367,0.18815331010452963,0,0.4375,0
8711327582842,4,1,0,0,1,1,0,1,1,1,1,1,1,0.8222222222222222,0.5263157894736842,0.25375939849624063,0,0.8,1
7613035452930,4,1,0,0,0,1,0,1,1,1,0,1,1,0.7888888888888889,0.3157894736842105,0.15851272015655576,0,0.8125,1
7613035888265,4,1,0,0,1,1,0,1,1,1,0,1,1,0.9111111111111111,0.5789473684210527,0.2525510204081633,0,0.8875,1
4001724039112,3,0,0,0,0,0,0,0,1,1,0,0,1,0.5,0.0,0.0,1,0.5625,1
4061458029858,3,0,1,0,0,0,0,0,1,1,0,0,1,0.37777777777777777,0.15789473684210525,0.16071428571428573,0,0.3875,1
4001724039143,3,1,0,0,0,0,0,0,1,1,0,0,1,0.5888888888888889,0.15789473684210525,0.1051948051948052,1,0.625,1
3248830116547,3,0,0,0,0,0,0,0,0,1,0,0,1,0.6111111111111112,0.0,0.0,1,0.6875,1
4000379030536,3,1,0,0,0,0,0,0,1,0,0,0,1,0.23333333333333334,0.10526315789473684,0.16770186335403728,0,0.2375,0
3438351360721,4,0,0,0,1,0,0,1,1,1,0,0,1,0.4888888888888889,0.21052631578947367,0.16770186335403728,0,0.5,1
8711327590434,4,0,1,0,1,0,0,1,1,1,1,1,1,0.7888888888888889,0.3684210526315789,0.18493150684931506,1,0.8,1
3222477006065,4,1,0,0,0,1,0,1,1,1,0,0,1,0.5222222222222223,0.2631578947368421,0.1967930029154519,0,0.525,1
3017760002035,4,1,1,0,1,0,0,1,1,1,0,1,1,0.43333333333333335,0.3684210526315789,0.3292682926829269,0,0.4,1
3560070712212,4,0,1,0,0,0,0,0,1,0,0,0,1,0.16666666666666666,0.15789473684210525,0.3403361344537816,0,0.15,1
3073781149753,2,0,0,0,0,0,0,0,0,0,0,0,0,0.05555555555555555,0.0,0.0,1,0.0625,0
7610829032156,2,0,0,0,0,0,0,0,0,0,0,0,1,0.06666666666666667,0.0,0.0,0,0.075,0
3700342358322,2,0,0,0,0,0,0,0,0,0,0,0,0,0.03333333333333333,0.0,0.0,0,0.0375,0
3564700001028,2,0,0,0,0,0,0,0,0,1,0,0,0,0.022222222222222223,0.0,0.0,0,0.025,0
3560071462864,2,0,0,0,0,0,0,0,1,0,0,0,1,0.022222222222222223,0.0,0.0,0,0.025,0
6191509907892,2,0,0,0,0,0,0,0,0,1,0,0,0,0.044444444444444446,0.0,0.0,0,0.05,0
3560070927975,2,0,0,0,0,0,0,0,0,1,0,0,1,0.25555555555555554,0.0,0.0,0,0.2875,0
3155253020958,2,0,0,0,0,0,0,0,0,0,0,0,0,0.044444444444444446,0.0,0.0,0,0.05,0
3560071410964,2,0,0,0,0,0,0,0,1,0,0,0,1,0.011111111111111112,0.0,0.0,0,0.0125,0
3410280024653,2,0,0,0,0,0,0,0,0,0,0,0,1,0.011111111111111112,0.05263157894736842,0.6428571428571429,0,0.0,0
4335619018532,2,0,0,0,0,0,0,0,0,1,0,0,0,0.044444444444444446,0.0,0.0,0,0.05,0
3256228764508,2,0,0,0,0,0,0,0,1,0,0,0,1,0.011111111111111112,0.0,0.0,0,0.0125,0
3560071268381,2,0,0,0,0,0,0,0,0,1,0,0,0,0.022222222222222223,0.0,0.0,0,0.025,0
3523230000826,2,0,0,0,0,0,0,0,0,0,0,0,1,0.011111111111111112,0.0,0.0,0,0.0125,0
3220033941195,2,0,0,0,0,0,0,0,1,0,0,0,1,0.022222222222222223,0.0,0.0,0,0.025,0
3256228437938,2,0,0,0,0,0,0,0,1,0,0,0,1,0.03333333333333333,0.0,0.0,0,0.0375,0
3445020004435,2,0,0,0,0,0,0,0,0,1,0,0,0,0.044444444444444446,0.0,0.0,0,0.05,0
3560071508784,2,0,0,0,0,0,0,0,0,1,0,0,0,0.03333333333333333,0.0,0.0,0,0.0375,0
3273220142202,2,0,0,0,0,0,0,0,0,0,0,0,0,0.03333333333333333,0.0,0.0,0,0.0375,0
3564706518247,2,0,0,0,0,0,0,0,0,1,0,0,0,0.07777777777777778,0.0,0.0,0,0.0875,0
5060270130260,2,0,0,0,0,0,0,0,1,0,0,0,1,0.0,0.0,0.0,0,0.0,0
3490390201984,2,0,0,0,0,0,0,0,0,1,0,0,0,0.022222222222222223,0.0,0.0,0,0.025,0
3075310441208,2,0,0,0,0,0,0,0,1,0,0,0,1,0.044444444444444446,0.0,0.0,0,0.05,0
8410179018409,2,0,0,0,0,0,0,0,0,1,0,0,0,0.044444444444444446,0.0,0.0,0,0.05,0
6191509909735,2,0,0,0,0,0,0,0,0,1,0,0,0,0.07777777777777778,0.0,0.0,0,0.0875,0
3027030000203,2,0,0,0,0,0,0,0,1,0,0,0,1,0.06666666666666667,0.0,0.0,0,0.075,0
3560071262051,2,0,0,0,0,0,0,0,0,1,0,0,0,0.03333333333333333,0.0,0.0,0,0.0375,0
5201043101814,2,0,0,0,0,0,0,0,0,1,0,0,0,0.044444444444444446,0.0,0.0,0,0.05,0
5430002928746,2,0,0,0,0,0,0,0,0,1,0,0,0,0.022222222222222223,0.0,0.0,0,0.025,0
3375190060170,2,0,0,0,0,0,0,0,0,1,0,0,0,0.022222222222222223,0.0,0.0,0,0.025,0
20624286,2,0,0,0,0,0,0,0,1,0,0,0,1,0.03333333333333333,0.0,0.0,0,0.0375,0
3179140163801,2,0,0,0,0,0,0,0,1,0,0,0,1,0.08888888888888889,0.0,0.0,0,0.1,0
3760282770455,1,0,0,0,0,0,0,0,0,0,0,0,0,0.044444444444444446,0.05263157894736842,0.32142857142857145,0,0.0375,0
45364306696,1,1,0,0,0,0,0,0,0,0,0,0,0,0.05555555555555555,0.10526315789473684,0.5510204081632653,0,0.0375,0
54008304,1,0,0,0,0,0,0,0,0,0,0,0,0,0.044444444444444446,0.0,0.0,0,0.05,0
3564700407646,1,0,0,0,0,0,0,0,0,0,0,0,0,0.022222222222222223,0.0,0.0,0,0.025,0
3596710451760,1,0,0,0,0,0,0,0,0,0,0,0,0,0.011111111111111112,0.0,0.0,0,0.0125,0
8480000610065,1,0,0,0,0,0,0,0,0,0,0,0,0,0.05555555555555555,0.0,0.0,0,0.0625,0
5038862002752,1,0,0,0,0,0,0,0,0,0,0,0,0,0.2222222222222222,0.10526315789473684,0.17532467532467533,0,0.225,0
3564707103534,1,1,0,0,0,0,0,0,0,0,0,0,0,0.07777777777777778,0.05263157894736842,0.21428571428571427,0,0.075,0
4056489450658,1,0,0,0,0,0,0,0,0,0,0,0,0,0.13333333333333333,0.05263157894736842,0.1377551020408163,0,0.1375,0
3560070966738,1,1,0,0,0,0,0,0,0,0,0,0,0,0.08888888888888889,0.05263157894736842,0.19285714285714287,0,0.0875,0
3256228932631,1,0,0,0,0,0,0,0,0,0,0,0,0,0.044444444444444446,0.0,0.0,0,0.05,0
3270160872664,1,0,0,0,0,0,0,0,0,0,0,0,0,0.022222222222222223,0.0,0.0,0,0.025,0
4056489359593,1,0,0,0,0,0,0,0,0,0,0,0,0,0.18888888888888888,0.0,0.0,0,0.2125,0
263283,1,0,0,0,0,0,0,0,0,0,0,0,0,0.011111111111111112,0.0,0.0,0,0.0125,0
5053526969790,1,0,0,0,0,0,0,0,0,0,0,0,0,0.011111111111111112,0.0,0.0,0,0.0125,0
4061462267062,1,0,0,0,0,0,0,0,0,0,0,0,0,0.044444444444444446,0.0,0.0,0,0.05,0
3227061001112,1,0,0,0,0,0,0,0,0,0,0,0,0,0.022222222222222223,0.0,0.0,0,0.025,0
3270160599523,1,0,0,0,0,0,0,0,0,0,0,0,0,0.044444444444444446,0.0,0.0,0,0.05,0
3564700441442,1,0,0,0,0,0,0,0,0,0,0,0,0,0.011111111111111112,0.0,0.0,0,0.0125,0
3270160875306,1,0,0,0,0,0,0,0,0,0,0,0,0,0.044444444444444446,0.0,0.0,0,0.05,0
3254560457041,1,0,0,0,0,0,0,0,0,0,0,0,0,0.011111111111111112,0.0,0.0,0,0.0125,0
3476500403004,1,0,0,0,0,0,0,0,0,0,0,0,0,0.0,0.0,0.0,0,0.0,0
3270160103218,1,0,0,0,0,0,0,0,0,0,0,0,0,0.011111111111111112,0.0,0.0,0,0.0125,0
3560070710324,1,0,0,0,0,0,0,0,0,0,0,0,0,0.044444444444444446,0.0,0.0,0,0.05,0
3580280758008,1,0,0,0,0,0,0,0,0,0,0,0,0,0.022222222222222223,0.0,0.0,0,0.025,0
3256224701408,1,0,0,0,0,0,0,0,0,0,0,0,0,0.022222222222222223,0.0,0.0,0,0.025,0
3083681047967,1,0,0,0,0,0,0,0,0,0,0,0,0,0.022222222222222223,0.0,0.0,0,0.025,0
3270160100903,1,0,0,0,0,0,0,0,0,0,0,0,0,0.022222222222222223,0.0,0.0,0,0.025,0
8480000621313,1,0,0,0,0,0,0,0,0,0,0,0,0,0.022222222222222223,0.0,0.0,0,0.025,0
3760043108329,1,0,0,0,0,0,0,0,0,0,0,0,0,0.0,0.0,0.0,0,0.0,0
3564707166393,1,0,0,0,0,0,0,0,0,0,0,0,0,0.022222222222222223,0.0,0.0,0,0.025,0
4056489194194,1,0,0,0,0,0,0,0,0,0,0,0,0,0.03333333333333333,0.0,0.0,0,0.0375,0
3250390022985,1,0,0,0,0,0,0,0,0,0,0,0,0,0.022222222222222223,0.05263157894736842,0.48214285714285715,0,0.0125,0
3560070967261,1,1,0,0,0,0,0,0,0,0,0,0,0,0.1,0.05263157894736842,0.17532467532467533,0,0.1,0
3245415313186,1,0,0,0,0,0,0,0,0,0,0,0,0,0.022222222222222223,0.0,0.0,0,0.025,0
3270160688029,1,0,0,0,0,0,0,0,0,0,0,0,0,0.0,0.0,0.0,0,0.0,0
3191220000370,1,0,0,0,0,0,0,0,0,0,0,0,0,0.0,0.0,0.0,0,0.0,0
20535193,1,0,0,0,0,0,0,0,0,0,0,0,0,0.05555555555555555,0.0,0.0,0,0.0625,0
3564700605387,1,0,0,0,0,0,0,0,0,0,0,0,0,0.03333333333333333,0.0,0.0,0,0.0375,0
3560070835805,2,0,0,0,0,0,0,0,0,1,0,0,1,0.03333333333333333,0.0,0.0,0,0.0375,0
3228023000075,2,0,0,0,0,0,0,0,0,0,0,0,1,0.011111111111111112,0.0,0.0,0,0.0125,0
3083681017779,3,0,0,0,0,0,0,0,1,1,0,0,1,0.32222222222222224,0.0,0.0,0,0.3625,0
4008366883387,3,0,0,0,0,0,0,0,1,1,0,0,1,0.43333333333333335,0.0,0.0,0,0.4875,1
853197004326,3,1,0,1,0,0,0,0,1,1,0,0,1,0.6,0.15789473684210525,0.10331632653061225,0,0.6375,1
5425021580204,4,1,0,1,0,1,0,0,1,1,0,0,1,0.5666666666666667,0.3684210526315789,0.25471698113207547,0,0.55,1
8480000645142,4,1,0,1,0,1,1,1,1,0,1,0,1,0.2777777777777778,0.7368421052631579,1.0,0,0.1375,0
8719128117256,4,1,0,0,0,0,1,0,1,0,1,0,1,0.2,0.2631578947368421,0.48214285714285715,0,0.1625,0
3138670740029,4,1,0,0,0,1,0,1,1,0,0,0,1,0.25555555555555554,0.47368421052631576,0.6942857142857143,0,0.175,0
1901010330004,4,0,0,0,0,1,0,1,1,1,0,0,1,0.32222222222222224,0.2631578947368421,0.31105990783410137,0,0.3,0
8413402660000,4,1,0,1,0,1,1,1,1,0,1,0,1,0.16666666666666666,0.3684210526315789,0.7941176470588235,0,0.1,0
3596710433636,2,0,0,0,0,0,0,0,0,0,0,0,0,0.03333333333333333,0.0,0.0,0,0.0375,0
38030031,2,0,0,0,0,0,0,0,0,1,0,0,0,0.022222222222222223,0.0,0.0,0,0.025,0
3483130050010,2,0,0,0,0,0,0,0,0,0,0,0,1,0.07777777777777778,0.0,0.0,0,0.0875,0
3770003906728,2,0,0,0,0,0,0,0,0,1,0,0,0,0.044444444444444446,0.0,0.0,0,0.05,0
3700613101992,2,0,0,0,0,0,0,0,0,0,0,0,0,0.03333333333333333,0.0,0.0,0,0.0375,0
2006050052233,2,0,0,0,0,0,0,0,1,0,0,0,1,0.011111111111111112,0.0,0.0,0,0.0125,0
3266191010045,2,0,0,0,0,0,0,0,0,1,0,0,1,0.06666666666666667,0.0,0.0,0,0.075,0
8437001927142,2,0,0,0,0,0,0,0,0,0,0,0,0,0.011111111111111112,0.0,0.0,0,0.0125,0
2090100526775,2,0,0,0,0,0,0,0,0,1,0,0,0,0.03333333333333333,0.0,0.0,0,0.0375,0
